{"settings":{"mineral":"apatite","habit":"hexagonal (2T)","standardson":"on"},"prefix":"SS","std":{"Ca":{"isotope":43,"conc":10000,"ratio":null},"P":{"isotope":31,"conc":10000,"ratio":null},"Si":{"isotope":29,"conc":10,"ratio":null},"Zr":{"isotope":null,"conc":null,"ratio":null},"Hf":{"isotope":null,"conc":null,"ratio":null},"Sr":{"isotope":88,"conc":10,"ratio":null},"Mn":{"isotope":null,"conc":null,"ratio":null},"Y":{"isotope":89,"conc":10,"ratio":null},"Cl":{"isotope":35,"conc":1000,"ratio":null},"Sm":{"isotope":147,"conc":1,"ratio":null}},"spk":{"U":{"isotope":235,"conc":22.128,"ratio":16.2},"Th":{"isotope":230,"conc":31.3,"ratio":250},"Sm":{"isotope":null,"conc":null,"ratio":null}},"smp":{"sname":["SS1","SS2","SS3","DUR1","DUR2","DUR3","DUR4","26-1","26-2","26-3","26-4"],"spkvol":["","","","0.0603","0.0592","0.0586","0.0586","0.0598","0.0605","0.0605","0.0606"],"length":["","","","","","","","169.08","129.24","201.58","123.16"],"width":["","","","","","","","97.99","85.16","83.82","78.63"],"height":[0,0,0,0,0,0,0,0,0,0,0],"HEdat":{"He":{"4":{"signal":["","","","7.8917","1.9635","2.9762","3.3596","0.8858","0.306","0.6056","0.3509"],"err":["","","","0.01","0.01","0.01","0.01","0.01","0.01","0.01","0.01"]}}},"ICPdat":{"U":{"235":{"signal":["150.625","140.390625","149.6875","134370.90234375","131594.54734375","131101.3684375","132713.91890625","132526.06625","133286.57203125","133947.776875","133403.12"],"err":["46.6920371088","44.3196334677","50.6929903031","2995.2315466558","2572.3831013022","2840.3797007545","2917.4405919344","2568.9441140478","3187.7126008677","2490.8581889779","2520.1512062666"]},"238":{"signal":["65661.27484375","63949.79890625","64146.0896875","198958.054375","45234.72390625","84206.06546875","71692.46359375","46111.66890625","23323.19296875","37551.669375","24942.74921875"],"err":["1366.1094864684","1791.9192591373","2112.5363384278","3692.1324595726","1022.9133657519","1546.9701961444","1436.5051867948","967.3785586261","654.0866724735","903.2849260943","726.1820018447"]}},"Ca":{"43":{"signal":["886491.3771875","771461.91609375","733209.76578125","9959473.9778125","2119613.04171875","3141360.4553125","4011235.91140625","814823.66640625","344658.6475","1077473.441875","331083.100625"],"err":["34525.6338805067","124857.190079715","125533.379673295","406389.868960164","126789.440202261","115046.267138153","164481.733271348","33882.5107932662","20332.5711097197","37390.9886083495","18742.3033904096"]}},"Mn":{"55":{"signal":["128533.35015625","180847.56921875","119775.6140625","1890623.50859375","626496.098125","667722.84015625","764378.34984375","803925.5178125","396291.55859375","1196517.17296875","388152.1021875"],"err":["8228.4163528118","29664.7500479973","19700.5396028861","56949.5499817153","30448.766843245","34351.6427111733","30694.3751331704","39190.2358506382","17027.9921494233","49849.6513700868","22424.8633263192"]}},"Y":{"89":{"signal":["1020724.04765625","701611.41421875","699888.25625","10269086.9342188","2044801.89703125","3070061.64921875","4315649.28890625","3554477.04875","971472.005625","2882126.57328125","1293064.6865625"],"err":["40034.4959808037","69840.2411966632","60989.4461227406","342475.306512995","70834.3238971265","111122.996224877","141277.914810248","154424.078048509","39286.1825123334","102282.297917864","46577.0749813126"]}},"Sm":{"147":{"signal":["14190.0990625","11932.44359375","11823.8525","527008.23234375","103576.6471875","147247.69203125","216798.4915625","66883.2271875","18009.85125","97411.1621875","23625.098125"],"err":["374.8500076246","443.1795782376","410.3295916689","8241.6184452571","1755.4276051531","2280.6532581111","3284.4517229954","1153.8405913752","420.2247831655","2015.7076434936","593.3355228822"]}},"Th":{"230":{"signal":["24.609375","22.109375","26.25","166221.98328125","162231.905625","163035.2578125","165559.31359375","164487.0175","163296.291875","165917.38078125","163250.13859375"],"err":["29.7516797912","29.5442187762","27.973910748","3171.3149422258","2887.1730560538","2857.9269668984","2935.5931879136","2946.9835081047","2706.0991794093","3541.9111027578","3596.4168324019"]},"232":{"signal":["65270.18234375","58949.02328125","58918.19734375","3182940.968125","629180.356875","1039898.08625","1183912.76203125","14397.4259375","10219.21875","39898.36703125","12279.41421875"],"err":["1084.6496865977","1693.7105640147","1598.134052433","53123.430977219","11473.7924426797","20750.8384230374","16694.3151057322","396.076741655","375.2461478139","971.7483887008","383.0827168482"]}},"P":{"31":{"signal":["21149540.3923437","18131884.8442187","18558011.9648438","122201378.448125","25925493.8203125","37121333.1321875","48869957.3198437","9591458.24921875","4328906.9659375","13076292.6778125","4116000.63765625"],"err":["660164.532014355","2470137.29643039","2175288.94406968","4450329.39675918","1007340.82286381","1837177.48102942","1730020.77068964","285302.260493153","152139.298141738","416411.871599267","192981.296640889"]}},"Si":{"29":{"signal":["1956366.1678125","1874422.9621875","1893088.4103125","2059634.0778125","1781350.7865625","1677690.85140625","1696883.6334375","1563129.70296875","1520075.2725","1534862.7859375","1461576.334375"],"err":["277885.196175509","300304.400720278","294236.214524291","280659.656912706","270026.376284471","256119.626591937","253447.011270274","252425.795365155","246500.462677095","240577.743277725","241943.701819661"]}},"Cl":{"35":{"signal":["176629.076875","193202.97140625","155347.4853125","705958.0709375","650039.88484375","560553.241875","602047.75203125","496688.9715625","515593.48796875","502783.09015625","621077.16703125"],"err":["6175.340759054","15501.2551182441","15848.6684393772","15385.9236188716","14390.3192672087","11096.2181562313","11086.866840731","9485.3118385761","11246.9493213125","9367.8435539301","12848.7848966883"]}},"Sr":{"88":{"signal":["724621.9690625","618690.3159375","515282.51765625","8886061.48390625","1989232.96609375","2673571.19203125","3547665.61859375","174240.9315625","39939.4896875","248434.6959375","32994.879375"],"err":["29594.0092897442","67918.5580192671","72355.6019524561","304169.81545422","66301.7429595826","104692.332716827","112654.821347234","19100.6962149011","15064.8173738996","19705.3138153804","15273.1170188888"]}}}}}
